# Agreement p3 as it enters the XY-cut: x y width height font_size text (geometry kept, words lorem ipsum, clause numbers kept, _ = space)
18.96	841.44	2.77	9.96	9.96	_
18.96	783.72	2.77	9.96	9.96	_
18.96	772.20	2.77	9.96	9.96	_
18.96	761.74	2.37	8.52	8.52	_
18.96	589.39	2.94	10.56	10.56	_
18.96	565.39	2.94	10.56	10.56	_
18.96	529.39	2.94	10.56	10.56	_
18.96	504.91	3.07	11.04	11.04	_
18.96	479.47	2.64	9.48	9.48	_
18.96	324.89	2.77	9.96	9.96	_
18.96	199.82	2.64	9.48	9.48	_
18.96	139.56	2.94	10.56	10.56	_
18.96	34.20	2.77	9.96	9.96	_
158.54	811.20	57.36	15.00	15.00	loremlo_
214.97	811.20	21.69	15.00	15.00	ips_
235.85	811.20	76.05	15.00	15.00	dolordolor_
93.50	749.98	50.45	9.96	9.96	sitsitsit
144.02	749.98	2.77	9.96	9.96	_
147.14	749.98	24.96	9.96	9.96	ameta
172.22	749.98	3.53	9.96	9.96	c
175.70	749.98	3.12	9.96	9.96	_
178.82	749.98	5.23	9.96	9.96	a
184.22	749.98	3.12	9.96	9.96	_
187.34	749.98	22.70	9.96	9.96	elite
210.05	749.98	3.12	9.96	9.96	_
213.29	749.98	8.80	9.96	9.96	se
222.05	749.98	3.12	9.96	9.96	_
225.17	749.98	15.59	9.96	9.96	dodo
240.89	749.98	3.12	9.96	9.96	_
244.01	749.98	47.43	9.96	9.96	eiusmodei
291.53	749.98	3.12	9.96	9.96	_
294.65	749.98	25.46	9.96	9.96	tempo
320.21	749.98	3.12	9.96	9.96	_
323.35	749.98	38.72	9.96	9.96	incididun
362.11	749.98	3.12	9.96	9.96	_
365.35	749.98	8.98	9.96	9.96	ut
374.35	749.98	3.12	9.96	9.96	_
377.47	749.98	28.41	9.96	9.96	labor
405.91	749.98	3.12	9.96	9.96	_
409.03	749.98	38.32	9.96	9.96	etetet
447.43	749.98	3.12	9.96	9.96	_
450.55	749.98	31.93	9.96	9.96	doloredo
482.50	749.98	3.12	9.96	9.96	_
485.62	749.98	9.22	9.96	9.96	ma
494.74	749.98	3.12	9.96	9.96	_
497.86	749.98	39.73	9.96	9.96	aliquaaliq
537.58	749.98	3.12	9.96	9.96	_
93.50	738.10	51.92	9.96	9.96	loremloremlo
145.46	738.10	3.12	9.96	9.96	_
148.22	738.10	54.69	9.96	9.96	ipsumipsumip
203.09	738.10	3.12	9.96	9.96	_
93.50	720.46	29.93	9.96	9.96	dolor
123.50	720.46	3.53	9.96	9.96	s
126.98	720.46	3.12	9.96	9.96	_
129.98	720.46	7.84	9.96	9.96	am
137.78	720.46	3.12	9.96	9.96	_
140.90	720.46	33.02	9.96	9.96	consecte
173.90	720.46	3.12	9.96	9.96	_
176.90	720.46	8.80	9.96	9.96	ad
185.66	720.46	3.12	9.96	9.96	_
188.78	720.46	5.23	9.96	9.96	e
194.09	720.46	3.12	9.96	9.96	_
197.09	720.46	42.83	9.96	9.96	sedsedse
239.93	720.46	3.12	9.96	9.96	_
243.05	720.46	17.46	9.96	9.96	dodo
260.57	720.46	3.12	9.96	9.96	_
263.57	720.46	42.82	9.96	9.96	eiusmode
306.41	720.46	3.12	9.96	9.96	_
309.53	720.46	20.66	9.96	9.96	temp
330.19	720.46	3.12	9.96	9.96	_
333.31	720.46	16.29	9.96	9.96	inc
349.63	720.46	3.12	9.96	9.96	_
352.63	720.46	15.75	9.96	9.96	utu
368.35	720.46	3.12	9.96	9.96	_
371.47	720.46	43.92	9.96	9.96	laborelabo
415.39	720.46	3.12	9.96	9.96	_
418.51	720.46	8.98	9.96	9.96	et
427.51	720.46	3.12	9.96	9.96	_
430.63	720.46	32.13	9.96	9.96	dolored
462.82	720.46	3.12	9.96	9.96	_
465.82	720.46	39.74	9.96	9.96	magnama
505.54	720.46	3.12	9.96	9.96	_
508.66	720.46	8.80	9.96	9.96	al
517.30	720.46	3.12	9.96	9.96	_
520.30	720.46	17.46	9.96	9.96	lore
537.94	720.46	3.12	9.96	9.96	_
93.50	708.46	43.19	9.96	9.96	ipsumips
136.82	708.46	2.77	9.96	9.96	_
139.22	708.46	16.70	9.96	9.96	dol
155.90	708.46	2.77	9.96	9.96	_
158.42	708.46	21.71	9.96	9.96	sits
180.14	708.46	2.77	9.96	9.96	_
182.66	708.46	16.70	9.96	9.96	ame
199.37	708.46	2.77	9.96	9.96	_
201.89	708.46	16.36	9.96	9.96	con
218.21	708.46	2.77	9.96	9.96	_
220.73	708.46	44.88	9.96	9.96	adipiscing
265.73	708.46	2.77	9.96	9.96	_
268.25	708.46	8.27	9.96	9.96	el
276.53	708.46	2.77	9.96	9.96	_
279.05	708.46	5.54	9.96	9.96	s
284.57	708.46	2.77	9.96	9.96	_
287.09	708.46	32.26	9.96	9.96	dododo
319.37	708.46	2.77	9.96	9.96	_
321.91	708.46	40.48	9.96	9.96	eiusmod
362.47	708.46	2.77	9.96	9.96	_
365.11	708.46	8.27	9.96	9.96	te
373.39	708.46	2.77	9.96	9.96	_
375.91	708.46	16.69	9.96	9.96	inci
392.59	708.46	2.77	9.96	9.96	_
395.11	708.46	43.30	9.96	9.96	ututut
438.55	708.46	2.77	9.96	9.96	_
93.50	690.82	37.14	9.96	9.96	laborel
130.70	690.82	2.77	9.96	9.96	_
133.22	690.82	43.77	9.96	9.96	etetet
177.14	690.82	2.77	9.96	9.96	_
179.66	690.82	17.71	9.96	9.96	dol
197.57	690.82	2.77	9.96	9.96	_
200.09	690.82	50.03	9.96	9.96	magnamagna
250.13	690.82	3.53	9.96	9.96	a
253.73	690.82	3.12	9.96	9.96	_
256.25	690.82	24.48	9.96	9.96	lore
280.73	690.82	3.12	9.96	9.96	_
283.37	690.82	5.23	9.96	9.96	i
288.65	690.82	3.12	9.96	9.96	_
290.57	690.82	36.12	9.96	9.96	dolordol
326.71	690.82	3.12	9.96	9.96	_
329.35	690.82	43.68	9.96	9.96	sitsitsi
373.15	690.82	3.12	9.96	9.96	_
375.67	690.82	16.29	9.96	9.96	ame
392.11	690.82	3.12	9.96	9.96	_
394.03	690.82	51.96	9.96	9.96	consecteturc
445.99	690.82	3.12	9.96	9.96	_
448.51	690.82	10.01	9.96	9.96	ad
458.38	690.82	3.12	9.96	9.96	_
460.90	690.82	32.59	9.96	9.96	eliteli
493.54	690.82	3.12	9.96	9.96	_
496.06	690.82	8.08	9.96	9.96	se
503.98	690.82	3.12	9.96	9.96	_
506.62	690.82	30.97	9.96	9.96	dododo
537.70	690.82	3.12	9.96	9.96	_
93.50	678.82	22.08	9.96	9.96	1159
115.58	678.82	2.77	9.96	9.96	_
118.34	678.82	8.27	9.96	9.96	ei
126.62	678.82	2.77	9.96	9.96	_
129.26	678.82	13.92	9.96	9.96	tem
143.18	678.82	2.77	9.96	9.96	_
145.82	678.82	50.57	9.96	9.96	incididun
196.49	678.82	2.77	9.96	9.96	_
198.89	678.82	14.40	9.96	9.96	utu
213.29	678.82	2.77	9.96	9.96	_
216.05	678.82	24.95	9.96	9.96	2006.
241.13	678.82	2.77	9.96	9.96	_
93.50	661.18	37.87	9.96	9.96	laborel
131.54	661.18	3.34	9.96	9.96	e
134.78	661.18	2.95	9.96	9.96	_
136.94	661.18	138.07	9.96	9.96	dolored_magnamag_ali_loremlorem
275.21	661.18	2.95	9.96	9.96	_
278.21	661.18	11.10	9.96	9.96	ip_
289.37	661.18	26.20	9.96	9.96	dolor_
315.65	661.18	9.14	9.96	9.96	si
324.79	661.18	2.95	9.96	9.96	_
327.79	661.18	36.91	9.96	9.96	ametameta
364.87	661.18	2.77	9.96	9.96	_
93.50	643.42	44.81	9.96	9.96	consectet
138.50	643.42	3.53	9.96	9.96	a
141.98	643.42	3.12	9.96	9.96	_
146.66	643.42	5.23	9.96	9.96	e
151.94	643.42	3.12	9.96	9.96	_
156.62	643.42	22.70	9.96	9.96	sedse
179.30	643.42	3.12	9.96	9.96	_
183.98	643.42	8.80	9.96	9.96	do
192.89	643.42	3.12	9.96	9.96	_
197.57	643.42	15.59	9.96	9.96	eius
213.29	643.42	3.12	9.96	9.96	_
217.97	643.42	47.43	9.96	9.96	temportem
265.49	643.42	3.12	9.96	9.96	_
270.17	643.42	25.35	9.96	9.96	incid
295.61	643.42	3.12	9.96	9.96	_
300.29	643.42	35.73	9.96	9.96	ututut
336.07	643.42	3.12	9.96	9.96	_
340.75	643.42	8.98	9.96	9.96	la
349.75	643.42	3.12	9.96	9.96	_
354.43	643.42	31.78	9.96	9.96	etetet
386.35	643.42	3.12	9.96	9.96	_
391.03	643.42	31.93	9.96	9.96	doloredo
422.95	643.42	3.12	9.96	9.96	_
427.63	643.42	8.98	9.96	9.96	ma
436.75	643.42	3.12	9.96	9.96	_
441.43	643.42	39.73	9.96	9.96	aliquaaliq
481.18	643.42	3.12	9.96	9.96	_
485.86	643.42	52.03	9.96	9.96	loremloremlo
537.94	643.42	3.12	9.96	9.96	_
93.50	631.42	52.66	9.96	9.96	ipsumipsumip
146.30	631.42	2.77	9.96	9.96	_
93.50	613.75	71.60	9.96	9.96	dolordolordolo
165.14	613.75	3.53	9.96	9.96	s
168.62	613.75	3.12	9.96	9.96	_
172.58	613.75	49.89	9.96	9.96	ametametam
222.53	613.75	3.12	9.96	9.96	_
226.49	613.75	32.38	9.96	9.96	consect
258.89	613.75	3.12	9.96	9.96	_
262.85	613.75	35.01	9.96	9.96	adipiscin
297.89	613.75	3.12	9.96	9.96	_
301.85	613.75	35.84	9.96	9.96	elitelit
337.87	613.75	3.12	9.96	9.96	_
341.83	613.75	16.29	9.96	9.96	sed
358.15	613.75	3.12	9.96	9.96	_
362.11	613.75	23.12	9.96	9.96	dodod
385.27	613.75	3.12	9.96	9.96	_
389.23	613.75	67.37	9.96	9.96	eiusmodeiusmode
456.82	613.75	3.12	9.96	9.96	_
460.78	613.75	8.56	9.96	9.96	te
469.30	613.75	3.12	9.96	9.96	_
473.26	613.75	25.27	9.96	9.96	incidi
498.58	613.75	3.12	9.96	9.96	_
502.54	613.75	22.70	9.96	9.96	ututu
525.22	613.75	3.12	9.96	9.96	_
529.18	613.75	8.98	9.96	9.96	la
538.30	613.75	3.12	9.96	9.96	_
93.50	601.75	19.28	9.96	9.96	etete
112.82	601.75	2.77	9.96	9.96	_
115.58	601.75	81.64	9.96	9.96	dolor_magnamagna
197.45	601.75	2.77	9.96	9.96	_
56.52	577.75	13.65	9.96	9.96	1.2
70.34	577.75	2.69	9.96	9.96	_
92.66	577.75	76.51	9.96	9.96	aliquaa_loremlor
169.22	577.75	2.77	9.96	9.96	_
171.98	577.75	336.05	9.96	9.96	ips_dolordolo_sitsitsi_ameta_con_adipis_eli_sedsedsed_do_eius_temportemp
508.54	577.75	2.77	9.96	9.96	_
56.64	553.75	13.65	9.96	9.96	1.3
70.46	553.75	2.69	9.96	9.96	_
92.66	553.75	445.66	9.96	9.96	incidi_utu_laborel_etetet_doloredol_magna_al_lor_ipsumips_dolor_sitsits_ame_consec_adi_el_sed_dododo
539.02	553.75	2.77	9.96	9.96	_
56.64	541.75	31.57	9.96	9.96	eiusmod
88.22	541.75	2.77	9.96	9.96	_
90.98	541.75	54.41	9.96	9.96	tem_incididun
145.58	541.75	2.77	9.96	9.96	_
56.52	517.75	13.65	9.96	9.96	1.4
70.34	517.75	2.69	9.96	9.96	_
92.66	517.75	51.05	9.96	9.96	ututut
143.78	517.75	2.77	9.96	9.96	_
146.54	517.75	112.16	9.96	9.96	la_etetet_dol_magnamagn
258.89	517.75	2.77	9.96	9.96	_
261.65	517.75	78.83	9.96	9.96	ali_lo_ips_dolordo
340.63	517.75	2.77	9.96	9.96	_
343.39	517.75	147.05	9.96	9.96	sit_ametameta_co_adip_elitelitel
490.66	517.75	2.77	9.96	9.96	_
56.52	491.35	8.73	12.00	12.00	2.
65.30	491.35	3.27	12.00	12.00	_
92.66	491.35	66.08	12.00	12.00	sedsedsed
158.78	491.35	3.34	12.00	12.00	_
162.26	491.35	11.30	12.00	12.00	do
173.54	491.35	3.34	12.00	12.00	_
177.02	491.35	83.35	12.00	12.00	eiusmodeiusmode
260.33	491.35	3.34	12.00	12.00	_
56.64	467.33	13.67	9.96	9.96	2.1
70.46	467.33	2.69	9.96	9.96	_
92.66	467.33	16.62	9.96	9.96	tem
109.34	467.33	3.12	9.96	9.96	_
112.58	467.33	40.26	9.96	9.96	incididun
152.90	467.33	3.12	9.96	9.96	_
156.14	467.33	19.79	9.96	9.96	ututu
175.94	467.33	3.12	9.96	9.96	_
179.18	467.33	20.97	9.96	9.96	labo
200.21	467.33	3.12	9.96	9.96	_
203.45	467.33	14.21	9.96	9.96	ete
217.73	467.33	3.12	9.96	9.96	_
220.97	467.33	43.55	9.96	9.96	doloredolo
264.53	467.33	3.12	9.96	9.96	_
267.77	467.33	29.24	9.96	9.96	magnama
297.05	467.33	3.12	9.96	9.96	_
300.29	467.33	52.03	9.96	9.96	aliquaaliqua
352.39	467.33	3.12	9.96	9.96	_
355.63	467.33	51.71	9.96	9.96	loremloreml
407.35	467.33	3.12	9.96	9.96	_
410.59	467.33	50.69	9.96	9.96	ipsumipsumip
461.38	467.33	3.12	9.96	9.96	_
464.62	467.33	19.31	9.96	9.96	dolo
483.94	467.33	3.12	9.96	9.96	_
487.18	467.33	28.85	9.96	9.96	sitsit
516.10	467.33	3.12	9.96	9.96	_
519.34	467.33	18.62	9.96	9.96	amet
537.94	467.33	3.12	9.96	9.96	_
56.64	455.21	14.10	9.96	9.96	con
70.82	455.21	3.12	9.96	9.96	_
73.58	455.21	20.37	9.96	9.96	adipi
93.98	455.21	3.12	9.96	9.96	_
96.74	455.21	30.84	9.96	9.96	eliteli
127.70	455.21	3.12	9.96	9.96	_
130.46	455.21	34.26	9.96	9.96	sedseds
164.78	455.21	3.12	9.96	9.96	_
167.54	455.21	8.56	9.96	9.96	do
176.18	455.21	3.12	9.96	9.96	_
179.06	455.21	14.10	9.96	9.96	eiu
193.25	455.21	3.12	9.96	9.96	_
196.01	455.21	43.65	9.96	9.96	temportemp
239.69	455.21	3.12	9.96	9.96	_
242.45	455.21	25.78	9.96	9.96	incidi
268.25	455.21	3.12	9.96	9.96	_
271.01	455.21	23.43	9.96	9.96	ututut
294.53	455.21	3.12	9.96	9.96	_
93.38	437.57	10.86	9.96	9.96	lab
104.42	437.57	2.32	9.96	9.96	_
128.66	437.57	14.25	9.96	9.96	ete
142.94	437.57	3.12	9.96	9.96	_
145.82	437.57	15.20	9.96	9.96	dol
161.06	437.57	3.12	9.96	9.96	_
164.06	437.57	8.98	9.96	9.96	ma
173.06	437.57	3.12	9.96	9.96	_
175.94	437.57	29.11	9.96	9.96	aliquaa
205.13	437.57	3.12	9.96	9.96	_
208.01	437.57	14.10	9.96	9.96	lor
222.17	437.57	3.12	9.96	9.96	_
225.05	437.57	52.02	9.96	9.96	ipsumipsumip
277.13	437.57	3.12	9.96	9.96	_
280.01	437.57	51.72	9.96	9.96	dolordolord
331.75	437.57	3.12	9.96	9.96	_
334.63	437.57	8.08	9.96	9.96	si
342.55	437.57	3.12	9.96	9.96	_
345.43	437.57	15.86	9.96	9.96	ame
361.27	437.57	3.12	9.96	9.96	_
364.27	437.57	17.73	9.96	9.96	con
381.91	437.57	3.12	9.96	9.96	_
384.79	437.57	28.85	9.96	9.96	adipis
413.71	437.57	3.12	9.96	9.96	_
416.59	437.57	12.22	9.96	9.96	eli
428.83	437.57	3.12	9.96	9.96	_
431.71	437.57	14.10	9.96	9.96	sed
445.99	437.57	3.12	9.96	9.96	_
448.87	437.57	38.89	9.96	9.96	dododo
487.78	437.57	3.12	9.96	9.96	_
93.38	419.93	11.10	9.96	9.96	eiu
104.66	419.93	2.32	9.96	9.96	_
128.66	419.93	14.25	9.96	9.96	tem
142.94	419.93	3.12	9.96	9.96	_
145.70	419.93	34.28	9.96	9.96	incididu
180.14	419.93	3.12	9.96	9.96	_
182.90	419.93	8.98	9.96	9.96	ut
192.05	419.93	3.12	9.96	9.96	_
194.81	419.93	23.81	9.96	9.96	labo
218.69	419.93	3.12	9.96	9.96	_
221.45	419.93	38.44	9.96	9.96	etetet
259.97	419.93	3.12	9.96	9.96	_
262.85	419.93	14.10	9.96	9.96	dol
277.01	419.93	3.12	9.96	9.96	_
279.77	419.93	51.91	9.96	9.96	magnamagnama
331.87	419.93	3.12	9.96	9.96	_
334.63	419.93	51.84	9.96	9.96	aliquaaliqu
386.47	419.93	3.12	9.96	9.96	_
389.23	419.93	7.84	9.96	9.96	lo
397.03	419.93	3.12	9.96	9.96	_
399.91	419.93	26.00	9.96	9.96	ipsum
425.95	419.93	3.12	9.96	9.96	_
428.83	419.93	8.98	9.96	9.96	do
437.83	419.93	3.12	9.96	9.96	_
440.59	419.93	8.08	9.96	9.96	si
448.51	419.93	3.12	9.96	9.96	_
451.27	419.93	17.70	9.96	9.96	amet
469.06	419.93	3.12	9.96	9.96	_
471.94	419.93	8.80	9.96	9.96	co
480.82	419.93	3.12	9.96	9.96	_
483.70	419.93	15.75	9.96	9.96	adi
499.42	419.93	3.12	9.96	9.96	_
502.18	419.93	20.36	9.96	9.96	elite
522.70	419.93	3.12	9.96	9.96	_
128.66	408.05	24.94	9.96	9.96	sedsed
153.62	408.05	2.77	9.96	9.96	_
156.62	408.05	29.38	9.96	9.96	dododo
186.02	408.05	2.77	9.96	9.96	_
189.02	408.05	10.48	9.96	9.96	ei
199.61	408.05	2.77	9.96	9.96	_
202.73	408.05	42.15	9.96	9.96	temportem
244.97	408.05	2.77	9.96	9.96	_
247.97	408.05	41.50	9.96	9.96	incididun
289.61	408.05	2.77	9.96	9.96	_
292.61	408.05	10.48	9.96	9.96	ut
303.17	408.05	2.77	9.96	9.96	_
306.17	408.05	15.53	9.96	9.96	labo
321.79	408.05	2.77	9.96	9.96	_
324.79	408.05	50.61	9.96	9.96	etetet
375.43	408.05	2.77	9.96	9.96	_
93.38	390.29	10.38	9.96	9.96	dol
103.94	390.29	2.32	9.96	9.96	_
128.66	390.29	14.25	9.96	9.96	mag
142.94	390.29	3.12	9.96	9.96	_
146.06	390.29	362.67	9.96	9.96	aliqu_loreml_ip_dolordo_si_ametameta_consec_adi_elitelitelit_sedsedsed_dododo_ei
509.14	390.29	3.12	9.96	9.96	_
128.66	378.41	169.81	9.96	9.96	temporte_incididun_utu_lab_etetet_dol
298.73	378.41	2.77	9.96	9.96	_
93.50	360.53	11.10	9.96	9.96	mag
104.78	360.53	2.32	9.96	9.96	_
128.66	360.53	388.48	9.96	9.96	aliqu_lor_ipsu_dolordol_sitsitsi_ame_consec_ad_elit_se_dod_eiusmodeiusm_temportempo_in
517.54	360.53	3.12	9.96	9.96	_
128.66	348.41	14.10	9.96	9.96	utu
142.82	348.41	3.12	9.96	9.96	_
146.06	348.41	40.26	9.96	9.96	laborelab
186.38	348.41	3.12	9.96	9.96	_
189.62	348.41	30.58	9.96	9.96	etetet
220.25	348.41	3.12	9.96	9.96	_
223.49	348.41	8.80	9.96	9.96	do
232.25	348.41	3.12	9.96	9.96	_
235.49	348.41	10.07	9.96	9.96	mag
245.57	348.41	3.12	9.96	9.96	_
248.93	348.41	18.39	9.96	9.96	ali
267.29	348.41	3.12	9.96	9.96	_
270.53	348.41	50.59	9.96	9.96	loremloremlo
321.17	348.41	3.12	9.96	9.96	_
324.43	348.41	53.25	9.96	9.96	ipsumipsumip
377.71	348.41	3.12	9.96	9.96	_
380.95	348.41	25.46	9.96	9.96	dolor
406.39	348.41	3.12	9.96	9.96	_
409.63	348.41	14.22	9.96	9.96	sit
423.91	348.41	3.12	9.96	9.96	_
427.15	348.41	40.26	9.96	9.96	ametameta
467.50	348.41	3.12	9.96	9.96	_
470.74	348.41	38.59	9.96	9.96	consecte
509.38	348.41	3.12	9.96	9.96	_
512.62	348.41	9.77	9.96	9.96	ad
522.34	348.41	3.12	9.96	9.96	_
128.66	336.77	84.92	9.96	9.96	elitelite_sedsedse
213.77	336.77	2.77	9.96	9.96	_
216.53	336.77	43.92	9.96	9.96	dododo
260.45	336.77	2.77	9.96	9.96	_
263.21	336.77	20.07	9.96	9.96	eius
283.37	336.77	2.77	9.96	9.96	_
286.13	336.77	57.71	9.96	9.96	temportempor
343.99	336.77	2.77	9.96	9.96	_
346.75	336.77	85.03	9.96	9.96	incididunti_ututut
431.95	336.77	2.77	9.96	9.96	_
434.71	336.77	8.82	9.96	9.96	la
443.59	336.77	2.77	9.96	9.96	_
446.47	336.77	18.85	9.96	9.96	etet
465.46	336.77	3.12	9.96	9.96	_
56.64	312.74	13.67	9.96	9.96	2.2
70.46	312.74	2.69	9.96	9.96	_
92.66	312.74	16.62	9.96	9.96	dol
109.34	312.74	3.12	9.96	9.96	_
114.02	312.74	40.26	9.96	9.96	magnamagn
154.34	312.74	3.12	9.96	9.96	_
159.02	312.74	18.62	9.96	9.96	ali
177.62	312.74	3.12	9.96	9.96	_
182.30	312.74	34.27	9.96	9.96	loremlor
216.65	312.74	3.12	9.96	9.96	_
221.33	312.74	14.10	9.96	9.96	ips
235.49	312.74	3.12	9.96	9.96	_
240.17	312.74	43.44	9.96	9.96	dolordolor
283.61	312.74	3.12	9.96	9.96	_
288.29	312.74	29.24	9.96	9.96	sitsits
317.57	312.74	3.12	9.96	9.96	_
322.27	312.74	51.91	9.96	9.96	ametametamet
374.23	312.74	3.12	9.96	9.96	_
378.91	312.74	51.72	9.96	9.96	consectetur
430.63	312.74	3.12	9.96	9.96	_
435.31	312.74	8.80	9.96	9.96	ad
444.07	312.74	3.12	9.96	9.96	_
448.75	312.74	24.07	9.96	9.96	elite
472.90	312.74	3.12	9.96	9.96	_
477.58	312.74	8.56	9.96	9.96	se
486.10	312.74	3.12	9.96	9.96	_
490.78	312.74	10.07	9.96	9.96	dod
500.86	312.74	3.12	9.96	9.96	_
56.64	300.62	70.00	9.96	9.96	eiusmodeiusmode
126.74	300.62	3.12	9.96	9.96	_
129.62	300.62	18.36	9.96	9.96	tem
147.98	300.62	3.12	9.96	9.96	_
150.98	300.62	21.56	9.96	9.96	inci
172.58	300.62	3.12	9.96	9.96	_
175.46	300.62	9.04	9.96	9.96	ut
184.34	300.62	3.12	9.96	9.96	_
187.22	300.62	23.35	9.96	9.96	labo
210.65	300.62	3.12	9.96	9.96	_
213.53	300.62	15.59	9.96	9.96	etet
229.25	300.62	3.12	9.96	9.96	_
232.13	300.62	51.91	9.96	9.96	doloredolore
284.09	300.62	3.12	9.96	9.96	_
287.09	300.62	51.83	9.96	9.96	magnamagnam
338.95	300.62	3.12	9.96	9.96	_
341.95	300.62	12.11	9.96	9.96	ali
354.07	300.62	3.12	9.96	9.96	_
356.95	300.62	14.10	9.96	9.96	lor
371.11	300.62	3.12	9.96	9.96	_
373.99	300.62	38.40	9.96	9.96	ipsumips
412.51	300.62	3.12	9.96	9.96	_
415.39	300.62	38.13	9.96	9.96	dolordol
453.58	300.62	3.12	9.96	9.96	_
456.46	300.62	21.13	9.96	9.96	sitsi
477.70	300.62	3.12	9.96	9.96	_
93.38	282.98	10.86	9.96	9.96	ame
104.42	282.98	2.32	9.96	9.96	_
128.66	282.98	5.61	9.96	9.96	co
134.30	282.98	3.12	9.96	9.96	_
137.42	282.98	32.75	9.96	9.96	adipisc
170.18	282.98	3.12	9.96	9.96	_
173.30	282.98	83.30	9.96	9.96	eli_sedsedsed
256.73	282.98	3.12	9.96	9.96	_
259.85	282.98	8.56	9.96	9.96	do
268.37	282.98	3.12	9.96	9.96	_
271.49	282.98	67.84	9.96	9.96	eiu_temportempor
339.43	282.98	3.12	9.96	9.96	_
342.55	282.98	40.22	9.96	9.96	incidi_ut
382.75	282.98	3.12	9.96	9.96	_
385.87	282.98	14.10	9.96	9.96	lab
400.03	282.98	3.12	9.96	9.96	_
403.15	282.98	106.87	9.96	9.96	etetet_doloredolor
510.10	282.98	3.12	9.96	9.96	_
128.66	271.10	28.20	9.96	9.96	magnam
156.98	271.10	2.77	9.96	9.96	_
159.86	271.10	47.72	9.96	9.96	aliquaaliqu
207.77	271.10	2.77	9.96	9.96	_
93.38	253.34	11.10	9.96	9.96	lor
104.66	253.34	2.32	9.96	9.96	_
128.66	253.34	5.61	9.96	9.96	ip
134.30	253.34	3.12	9.96	9.96	_
137.18	253.34	37.92	9.96	9.96	dolordol
175.22	253.34	3.12	9.96	9.96	_
178.10	253.34	17.46	9.96	9.96	sits
195.65	253.34	3.12	9.96	9.96	_
198.53	253.34	10.07	9.96	9.96	ame
208.61	253.34	3.12	9.96	9.96	_
211.49	253.34	70.12	9.96	9.96	consecteturcons
281.69	253.34	3.12	9.96	9.96	_
284.57	253.34	22.92	9.96	9.96	adipis
307.49	253.34	3.12	9.96	9.96	_
310.37	253.34	7.84	9.96	9.96	el
318.29	253.34	3.12	9.96	9.96	_
321.17	253.34	33.02	9.96	9.96	sedsedse
354.19	253.34	3.12	9.96	9.96	_
357.07	253.34	8.80	9.96	9.96	do
365.95	253.34	3.12	9.96	9.96	_
368.95	253.34	15.75	9.96	9.96	eiu
384.67	253.34	3.12	9.96	9.96	_
387.55	253.34	52.02	9.96	9.96	temportempor
439.63	253.34	3.12	9.96	9.96	_
442.51	253.34	51.82	9.96	9.96	incididunti
494.38	253.34	3.12	9.96	9.96	_
128.66	241.46	41.52	9.96	9.96	ututut
170.30	241.46	2.77	9.96	9.96	_
173.42	241.46	8.29	9.96	9.96	la
181.82	241.46	2.77	9.96	9.96	_
184.94	241.46	24.98	9.96	9.96	etete
209.93	241.46	2.77	9.96	9.96	_
213.05	241.46	31.71	9.96	9.96	dolore
244.85	241.46	2.77	9.96	9.96	_
248.09	241.46	17.67	9.96	9.96	magn
265.85	241.46	2.77	9.96	9.96	_
268.97	241.46	15.53	9.96	9.96	aliq
284.57	241.46	2.77	9.96	9.96	_
287.69	241.46	47.74	9.96	9.96	loremlore
335.59	241.46	2.77	9.96	9.96	_
338.71	241.46	10.48	9.96	9.96	ip
349.27	241.46	2.77	9.96	9.96	_
352.39	241.46	5.12	9.96	9.96	do
357.43	241.46	2.77	9.96	9.96	_
360.55	241.46	19.01	9.96	9.96	sits
379.63	241.46	2.77	9.96	9.96	_
382.75	241.46	21.60	9.96	9.96	amet
404.47	241.46	2.77	9.96	9.96	_
407.59	241.46	13.82	9.96	9.96	con
421.51	241.46	2.77	9.96	9.96	_
424.63	241.46	41.61	9.96	9.96	adipiscin
466.42	241.46	2.77	9.96	9.96	_
469.54	241.46	2.77	9.96	9.96	e
472.42	241.46	2.77	9.96	9.96	_
475.54	241.46	16.68	9.96	9.96	sed
492.22	241.46	2.77	9.96	9.96	_
93.50	223.82	9.96	9.96	9.96	dod
103.46	223.82	2.32	9.96	9.96	_
128.66	223.82	4.88	9.96	9.96	ei
133.58	223.82	2.77	9.96	9.96	_
136.58	223.82	20.55	9.96	9.96	tempo
157.10	223.82	2.77	9.96	9.96	_
160.10	223.82	8.51	9.96	9.96	in
168.50	223.82	2.77	9.96	9.96	_
171.50	223.82	10.00	9.96	9.96	utu
181.46	223.82	2.77	9.96	9.96	_
184.46	223.82	23.93	9.96	9.96	labor
208.49	223.82	2.77	9.96	9.96	_
211.49	223.82	11.04	9.96	9.96	et
222.53	223.82	2.77	9.96	9.96	_
225.53	223.82	23.39	9.96	9.96	dolore
249.05	223.82	2.77	9.96	9.96	_
252.05	223.82	11.60	9.96	9.96	mag
263.69	223.82	2.77	9.96	9.96	_
266.69	223.82	13.82	9.96	9.96	ali
280.49	223.82	2.77	9.96	9.96	_
283.61	223.82	27.10	9.96	9.96	loremlo
310.73	223.82	2.77	9.96	9.96	_
313.85	223.82	8.27	9.96	9.96	ip
322.15	223.82	2.77	9.96	9.96	_
325.15	223.82	16.15	9.96	9.96	dol
341.35	223.82	2.77	9.96	9.96	_
344.35	223.82	67.17	9.96	9.96	sitsitsit
411.55	223.82	2.77	9.96	9.96	_
414.55	223.82	8.29	9.96	9.96	am
422.95	223.82	2.77	9.96	9.96	_
425.95	223.82	31.60	9.96	9.96	consec
457.66	223.82	2.77	9.96	9.96	_
460.66	223.82	17.77	9.96	9.96	adip
478.42	223.82	2.77	9.96	9.96	_
481.42	223.82	13.92	9.96	9.96	eli
495.34	223.82	2.77	9.96	9.96	_
498.34	223.82	24.90	9.96	9.96	sedse
523.30	223.82	2.77	9.96	9.96	_
526.30	223.82	8.27	9.96	9.96	do
534.58	223.82	2.77	9.96	9.96	_
128.66	211.82	68.73	9.96	9.96	eius_temportemp
197.57	211.82	2.77	9.96	9.96	_
56.64	187.82	13.67	9.96	9.96	2.3
70.46	187.82	2.69	9.96	9.96	_
92.66	187.82	445.53	9.96	9.96	i_ututu_lab_etetet_doloredolore_magnamagnam_al_lor_ipsumi_dolo_sitsitsit_ametametame_co_adipisci
539.02	187.82	3.12	9.96	9.96	_
56.64	175.82	8.29	9.96	9.96	el
64.94	175.82	2.77	9.96	9.96	_
67.70	175.82	11.04	9.96	9.96	se
78.74	175.82	2.77	9.96	9.96	_
81.50	175.82	41.63	9.96	9.96	dododo
123.14	175.82	2.77	9.96	9.96	_
125.90	175.82	10.48	9.96	9.96	ei
136.46	175.82	2.77	9.96	9.96	_
139.22	175.82	17.75	9.96	9.96	temp
156.98	175.82	2.77	9.96	9.96	_
159.74	175.82	10.48	9.96	9.96	in
170.30	175.82	2.77	9.96	9.96	_
173.06	175.82	16.15	9.96	9.96	utu
189.26	175.82	2.77	9.96	9.96	_
192.05	175.82	60.50	9.96	9.96	laborelabore
252.53	175.82	2.77	9.96	9.96	_
255.29	175.82	8.82	9.96	9.96	et
264.17	175.82	2.77	9.96	9.96	_
266.93	175.82	22.77	9.96	9.96	dolor
289.73	175.82	2.77	9.96	9.96	_
292.49	175.82	44.30	9.96	9.96	magnamagna
336.91	175.82	2.77	9.96	9.96	_
339.67	175.82	38.20	9.96	9.96	aliquaali
377.95	175.82	2.77	9.96	9.96	_
380.71	175.82	45.66	9.96	9.96	loremloreml
426.43	175.82	2.77	9.96	9.96	_
429.19	175.82	31.58	9.96	9.96	ipsumip
460.78	175.82	2.77	9.96	9.96	_
463.54	175.82	42.22	9.96	9.96	dolordolord
505.78	175.82	2.77	9.96	9.96	_
508.54	175.82	8.82	9.96	9.96	si
517.42	175.82	2.77	9.96	9.96	_
520.18	175.82	10.48	9.96	9.96	am
530.74	175.82	2.77	9.96	9.96	_
533.50	175.82	5.54	9.96	9.96	c
539.02	175.82	2.77	9.96	9.96	_
56.64	163.92	22.18	9.96	9.96	adipi
78.86	163.92	2.77	9.96	9.96	_
81.86	163.92	8.82	9.96	9.96	el
90.74	163.92	2.77	9.96	9.96	_
93.98	163.92	22.75	9.96	9.96	sedse
116.78	163.92	2.77	9.96	9.96	_
119.78	163.92	38.34	9.96	9.96	dododo
158.18	163.92	2.77	9.96	9.96	_
161.18	163.92	8.27	9.96	9.96	ei
169.46	163.92	2.77	9.96	9.96	_
172.46	163.92	46.55	9.96	9.96	temportem
219.05	163.92	2.77	9.96	9.96	_
222.05	163.92	50.54	9.96	9.96	incididuntinc
272.69	163.92	2.77	9.96	9.96	_
275.69	163.92	38.28	9.96	9.96	ututut
313.97	163.92	2.77	9.96	9.96	_
317.09	163.92	19.34	9.96	9.96	labor
336.43	163.92	2.77	9.96	9.96	_
339.43	163.92	8.53	9.96	9.96	et
347.83	163.92	2.77	9.96	9.96	_
350.83	163.92	13.82	9.96	9.96	dol
364.63	163.92	2.77	9.96	9.96	_
367.63	163.92	27.22	9.96	9.96	magnam
394.87	163.92	2.77	9.96	9.96	_
397.87	163.92	4.88	9.96	9.96	al
402.79	163.92	2.77	9.96	9.96	_
405.91	163.92	7.09	9.96	9.96	lo
413.11	163.92	2.77	9.96	9.96	_
416.23	163.92	28.13	9.96	9.96	ipsumip
444.43	163.92	2.77	9.96	9.96	_
447.43	163.92	41.63	9.96	9.96	dolordolo
489.10	163.92	2.77	9.96	9.96	_
495.10	163.92	8.29	9.96	9.96	si
503.38	163.92	2.77	9.96	9.96	_
506.50	163.92	11.04	9.96	9.96	am
517.54	163.92	2.77	9.96	9.96	_
520.54	163.92	13.34	9.96	9.96	con
533.98	163.92	2.77	9.96	9.96	_
533.98	163.92	7.80	9.96	9.96	ad_
56.64	152.04	23.23	9.96	9.96	elite
79.94	152.04	2.77	9.96	9.96	_
82.70	152.04	39.41	9.96	9.96	sed_dodod
122.30	152.04	2.77	9.96	9.96	_
125.06	152.04	22.13	9.96	9.96	eiusm
147.38	152.04	2.77	9.96	9.96	_
150.14	152.04	37.79	9.96	9.96	te_inci
187.94	152.04	2.77	9.96	9.96	_
190.70	152.04	26.63	9.96	9.96	ututut
217.49	152.04	2.77	9.96	9.96	_
220.25	152.04	26.56	9.96	9.96	la_etet
246.89	152.04	2.77	9.96	9.96	_
249.77	152.04	44.95	9.96	9.96	doloredolo
294.77	152.04	2.77	9.96	9.96	_
297.65	152.04	52.67	9.96	9.96	ma_aliquaali
350.47	152.04	3.12	9.96	9.96	_
56.64	127.92	13.65	9.96	9.96	2.4
70.46	127.92	2.69	9.96	9.96	_
92.66	127.92	445.58	9.96	9.96	lo_ipsum_dolor_sitsi_am_consec_adi_elitel_se_dodod_eiu_tempor_incididuntin_ututut_labo
538.90	127.92	2.77	9.96	9.96	_
56.64	115.92	130.68	9.96	9.96	etetet_dol_magnama_al_lor
187.46	115.92	2.77	9.96	9.96	_
189.98	115.92	323.15	9.96	9.96	ipsumipsumi_dolordol_si_ame_consect_adipisc_eli_sedse_dododo_eiusmod_te_inc
513.58	115.92	2.77	9.96	9.96	_
516.10	115.92	22.77	9.96	9.96	ututu
538.90	115.92	2.77	9.96	9.96	_
56.64	104.04	24.94	9.96	9.96	labore
81.62	104.04	2.77	9.96	9.96	_
158.78	35.64	66.11	8.04	8.04	etetet_do_mag_
158.78	26.04	325.96	8.04	8.04	aliquaa_loreml_ipsu_do_sit_ametamet_conse_adipiscin_elite_sedsedsed_dodod_eius_tem_
158.78	16.42	62.03	8.04	8.04	in_ututu_lab_ete_
230.81	16.42	92.60	8.04	8.04	do_magnamagnamagna_
338.83	16.42	81.20	8.04	8.04	aliquaaliquaaliqu_
158.78	6.70	217.33	8.04	8.04	loremlo_ipsu_dol_sitsits___ame_cons_adi_el_sed_dodo_ei_
